{
  "project_info": {
    "project_number": "421550439239",
    "project_id": "proyectoragnarok-d0bc2",
    "storage_bucket": "proyectoragnarok-d0bc2.appspot.com"
  },
  "client": [
    {
      "client_info": {
        "mobilesdk_app_id": "1:421550439239:android:d6238d32890423a2a7ea62",
        "android_client_info": {
          "package_name": "com.example.fenris"
        }
      },
      "oauth_client": [
        {
          "client_id": "421550439239-6o3ro1nl5qg1so265opatlkf2pknoc9o.apps.googleusercontent.com",
          "client_type": 3
        }
      ],
      "api_key": [
        {
          "current_key": "AIzaSyDBYDWu5KWYVZoOLcSRLcDI4WpzldAoPdg"
        }
      ],
      "services": {
        "appinvite_service": {
          "other_platform_oauth_client": [
            {
              "client_id": "421550439239-6o3ro1nl5qg1so265opatlkf2pknoc9o.apps.googleusercontent.com",
              "client_type": 3
            }
          ]
        }
      }
    }
  ],
  "configuration_version": "1"
}