{
  "project_info": {
    "project_number": "421550439239",
    "firebase_url": "https://proyectoragnarok-d0bc2-default-rtdb.firebaseio.com",
    "project_id": "proyectoragnarok-d0bc2",
    "storage_bucket": "proyectoragnarok-d0bc2.appspot.com"
  },
  "client": [
    {
      "client_info": {
        "mobilesdk_app_id": "1:421550439239:android:d6238d32890423a2a7ea62",
        "android_client_info": {
          "package_name": "com.example.fenris"
        }
      },
      "oauth_client": [
        {
          "client_id": "421550439239-qcg77gl0e8skb2qa3dd852gl2m89dhdd.apps.googleusercontent.com",
          "client_type": 1,
          "android_info": {
            "package_name": "com.example.fenris",
            "certificate_hash": "a05396cc9642d4d228c779c892a891bb58137e88"
          }
        },
        {
          "client_id": "421550439239-6o3ro1nl5qg1so265opatlkf2pknoc9o.apps.googleusercontent.com",
          "client_type": 3
        }
      ],
      "api_key": [
        {
          "current_key": "AIzaSyDBYDWu5KWYVZoOLcSRLcDI4WpzldAoPdg"
        }
      ],
      "services": {
        "appinvite_service": {
          "other_platform_oauth_client": [
            {
              "client_id": "421550439239-6o3ro1nl5qg1so265opatlkf2pknoc9o.apps.googleusercontent.com",
              "client_type": 3
            }
          ]
        }
      }
    }
  ],
  "configuration_version": "1"
}